{
    "$schema": "http://json.schemastore.org/template",
    "author": "Microsoft",
    "classifications": [
        "Console"
    ],
    "name": "Azure IoT Edge Module",
    "identity": "Azure.IoT.Edge.Module.CSharp",
    "groupIdentity": "Azure.IoT.Edge.Module",
    "shortName": "aziotedgemodule",
    "tags": {
        "language": "C#",
        "type": "project"
    },
    "sourceName": "SampleModule",
    "preferNameDirectory": true,
    "primaryOutputs": [
        {
            "path": "."
        }
    ],
    "symbols": {
        "skipRestore": {
            "type": "parameter",
            "datatype": "bool",
            "defaultValue": "false"
        },
        "repository": {
            "type": "parameter",
            "defaultValue": "aaccd6c3af5a45fe9138438c115cb462/turbofanRouter",
            "replaces": "aaccd6c3af5a45fe9138438c115cb462"
        }
    },
    "sources": [
        {
            "exclude": [
                ".template.config/*",
                "bin/**/*",
                "obj/**/*"
            ]
        }
    ],
    "postActions": [
        {
            "condition": "(!skipRestore)",
            "description": "Restore NuGet packages required by this project.",
            "manualInstructions": [
                {
                    "text": "Run 'dotnet restore'"
                }
            ],
            "actionId": "210D431B-A78B-4D2F-B762-4ED3E3EA9025",
            "continueOnError": true
        }
    ]
}