{
  "$schema-template": "4.0.0",
  "modulesContent": {
    "$edgeAgent": {
      "properties.desired": {
        "schemaVersion": "1.1",
        "runtime": {
          "type": "docker",
          "settings": {
            "minDockerVersion": "v1.25",
            "loggingOptions": "",
            "registryCredentials": {
              "aaccd6c3af5a45fe9138438c115cb462": {
                "username": "$CONTAINER_REGISTRY_USERNAME_aaccd6c3af5a45fe9138438c115cb462",
                "password": "$CONTAINER_REGISTRY_PASSWORD_aaccd6c3af5a45fe9138438c115cb462",
                "address": "aaccd6c3af5a45fe9138438c115cb462.azurecr.io"
              }
            }
          }
        },
        "systemModules": {
          "edgeAgent": {
            "type": "docker",
            "settings": {
              "image": "mcr.microsoft.com/azureiotedge-agent:1.2",
              "createOptions": {}
            }
          },
          "edgeHub": {
            "type": "docker",
            "status": "running",
            "restartPolicy": "always",
            "settings": {
              "image": "mcr.microsoft.com/azureiotedge-hub:1.2",
              "createOptions": {
                "HostConfig": {
                  "PortBindings": {
                    "5671/tcp": [
                      {
                        "HostPort": "5671"
                      }
                    ],
                    "8883/tcp": [
                      {
                        "HostPort": "8883"
                      }
                    ],
                    "443/tcp": [
                      {
                        "HostPort": "443"
                      }
                    ]
                  }
                }
              }
            }
          }
        },
        "modules": {
          "turbofanRulClassifier": {
            "version": "1.0",
            "type": "docker",
            "status": "running",
            "restartPolicy": "always",
            "settings": {
              "image": "aaccd6c3af5a45fe9138438c115cb462.azurecr.io/edgemlsample:14",
              "createOptions": {}
            }
          },
          "turbofanRouter": {
            "version": "1.0",
            "type": "docker",
            "status": "running",
            "restartPolicy": "always",
            "settings": {
              "image": "${MODULES.turbofanRouter.debug}",
              "createOptions": {}
            }
          }
        }
      }
    },
    "$edgeHub": {
      "properties.desired": {
        "schemaVersion": "1.1",
        "routes": {
          "turbofanRulClassifierToIoTHub": "FROM /messages/modules/turbofanRulClassifier/outputs/* INTO $upstream",
          "turbofanRouterToIoTHub": "FROM /messages/modules/turbofanRouter/outputs/* INTO $upstream"
        },
        "storeAndForwardConfiguration": {
          "timeToLiveSecs": 7200
        }
      }
    }
  }
}