{
    "$schema": "https://schema.management.azure.com/schemas/2015-01-01/deploymentTemplate.json#",
    "contentVersion": "1.0.0.0",
    "parameters": {
        "location": {
            "type": "string"
        },
        "region": {
            "type": "string"
        },
        "virtualMachineName": {
            "type": "string",
            "defaultValue": "[take(concat('IoTMLDemo-', uniqueString(resourceGroup().id, subscription().subscriptionId)), 15)]"
        },
        "adminUsername": {
            "type": "string"
        },
        "adminPassword": {
            "type": "securestring"
        },
        "autoShutdownStatus": {
            "type": "string",
            "defaultValue": "Enabled"
        },
        "autoShutdownTime": {
            "type": "string",
            "defaultValue": "19:00"
        },
        "autoShutdownTimeZone": {
            "type": "string",
            "defaultValue": "Pacific Standard Time"
        }
    },
    "variables": {
        "nsgId": "[resourceId(resourceGroup().name, 'Microsoft.Network/networkSecurityGroups', parameters('virtualMachineName'))]",
        "vnetId": "[resourceId(resourceGroup().name,'Microsoft.Network/virtualNetworks', parameters('virtualMachineName'))]",
        "subnetRef": "[concat(variables('vnetId'), '/subnets/default')]",
        "normalizedLocation": "[toLower(replace(parameters('location'), ' ', ''))]",
        "vmNameLower": "[toLower(parameters('virtualMachineName'))]",
        "addressPrefix": "10.1.0.0/16"
    },
    "resources": [
        {
            "name": "[parameters('virtualMachineName')]",
            "type": "Microsoft.Network/networkInterfaces",
            "apiVersion": "2018-04-01",
            "location": "[parameters('location')]",
            "dependsOn": [
                "[concat('Microsoft.Network/networkSecurityGroups/', parameters('virtualMachineName'))]",
                "[concat('Microsoft.Network/virtualNetworks/', parameters('virtualMachineName'))]",
                "[concat('Microsoft.Network/publicIpAddresses/', parameters('virtualMachineName'))]"
            ],
            "properties": {
                "ipConfigurations": [
                    {
                        "name": "ipconfig1",
                        "properties": {
                            "subnet": {
                                "id": "[variables('subnetRef')]"
                            },
                            "primary": true,
                            "privateIPAddressVersion": "IPv4",
                            "privateIPAllocationMethod": "Dynamic",
                            "publicIpAddress": {
                                "id": "[resourceId(resourceGroup().name, 'Microsoft.Network/publicIpAddresses', parameters('virtualMachineName'))]"
                            }
                        }
                    }
                ],
                "networkSecurityGroup": {
                    "id": "[variables('nsgId')]"
                }
            }
        },
        {
            "name": "[parameters('virtualMachineName')]",
            "type": "Microsoft.Network/networkSecurityGroups",
            "apiVersion": "2018-08-01",
            "location": "[parameters('location')]",
            "properties": {
                "securityRules": [
                    {
                        "name": "RDP",
                        "properties": {
                            "priority": 300,
                            "protocol": "Tcp",
                            "access": "Allow",
                            "direction": "Inbound",
                            "sourceAddressPrefix": "*",
                            "sourcePortRange": "*",
                            "destinationAddressPrefix": "*",
                            "destinationPortRange": "3389"
                        }
                    }
                ]
            }
        },
        {
            "name": "[parameters('virtualMachineName')]",
            "type": "Microsoft.Network/virtualNetworks",
            "apiVersion": "2018-08-01",
            "location": "[parameters('location')]",
            "properties": {
                "addressSpace": {
                    "addressPrefixes": [
                        "[variables('addressPrefix')]"
                    ]
                },
                "subnets": [
                    {
                        "name": "default",
                        "properties": {
                            "addressPrefix": "[variables('addressPrefix')]"
                        }
                    }
                ]
            }
        },
        {
            "name": "[parameters('virtualMachineName')]",
            "type": "Microsoft.Network/publicIpAddresses",
            "apiVersion": "2018-08-01",
            "location": "[parameters('location')]",
            "sku": {
                "name": "Basic",
                "tier": "Regional"
            },
            "properties": {
                "publicIPAllocationMethod": "Dynamic",
                "publicIPAddressVersion": "IPv4",
                "idleTimeoutInMinutes": 4,
                "dnsSettings": {
                    "domainNameLabel": "[variables('vmNameLower')]",
                    "fqdn": "[concat(variables('vmNameLower'), '.', variables('normalizedLocation'), '.cloudapp.azure.com')]"
                }
            }
        },
        {
            "name": "[parameters('virtualMachineName')]",
            "type": "Microsoft.Compute/virtualMachines",
            "apiVersion": "2018-06-01",
            "location": "[parameters('location')]",
            "dependsOn": [
                "[concat('Microsoft.Network/networkInterfaces/', parameters('virtualMachineName'))]"
            ],
            "properties": {
                "hardwareProfile": {
                    "vmSize": "Standard_D8s_v3"
                },
                "storageProfile": {
                    "osDisk": {
                        "createOption": "FromImage",
                        "caching": "ReadWrite",
                        "managedDisk": {
                            "storageAccountType": "StandardSSD_LRS"
                        }
                    },
                    "imageReference": {
                        "publisher": "MicrosoftWindowsDesktop",
                        "offer": "Windows-10",
                        "sku": "rs5-pro-g2",
                        "version": "latest"
                    }
                },
                "networkProfile": {
                    "networkInterfaces": [
                        {
                            "id": "[resourceId('Microsoft.Network/networkInterfaces', parameters('virtualMachineName'))]"
                        }
                    ]
                },
                "osProfile": {
                    "computerName": "[parameters('virtualMachineName')]",
                    "adminUsername": "[parameters('adminUsername')]",
                    "adminPassword": "[parameters('adminPassword')]",
                    "windowsConfiguration": {
                        "enableAutomaticUpdates": true,
                        "provisionVmAgent": true
                    }
                },
                "licenseType": "Windows_Client"
            }
        },
        {
            "name": "[concat('shutdown-computevm-', parameters('virtualMachineName'))]",
            "type": "Microsoft.DevTestLab/schedules",
            "apiVersion": "2017-04-26-preview",
            "location": "[parameters('location')]",
            "dependsOn": [
                "[concat('Microsoft.Compute/virtualMachines/', parameters('virtualMachineName'))]"
            ],
            "properties": {
                "status": "[parameters('autoShutdownStatus')]",
                "taskType": "ComputeVmShutdownTask",
                "dailyRecurrence": {
                    "time": "[parameters('autoShutdownTime')]"
                },
                "timeZoneId": "[parameters('autoShutdownTimeZone')]",
                "targetResourceId": "[resourceId('Microsoft.Compute/virtualMachines', parameters('virtualMachineName'))]"
            }
        }
    ],
    "outputs": {
        "vmName": {
            "type": "string",
            "value": "[parameters('virtualMachineName')]"
        }
    }
}
